{"ID":"gridExample","Type":"Grid","NumberOfCols":5,"NumberOfRows":2,"GapSize":5,"ElementList":[{"ID":"banane","x":0,"y":0,"cols":1,"rows":1,"Type":"button","dragAndResizeEnabled":true,"PartOfSpeech":"","ElementFormsList":[{"DisplayedText":"banane","VoiceText":"banane","LexicInfos":[{"default":true}],"ImageID":"banane"}],"InteractionsList":[{"ID":"click","ActionList":[{"ID":"display","Options":[]},{"ID":"say","Options":[]}]},{"ID":"longPress","ActionList":[{"ID":"otherforms","Options":[]}]}],"style":{"BackgroundColor":"lightyellow","BorderColor":"yellow","TextColor":"yellow","BorderWidth":"10px","BorderRadius":"100px"},"VisibilityLevel":0},{"ID":"pomme","x":1,"y":0,"cols":1,"rows":1,"Type":"button","dragAndResizeEnabled":true,"PartOfSpeech":"","ElementFormsList":[{"DisplayedText":"pomme","VoiceText":"pomme","LexicInfos":[{"default":true}],"ImageID":"pomme"}],"InteractionsList":[{"ID":"click","ActionList":[{"ID":"display","Options":[]},{"ID":"say","Options":[]}]},{"ID":"longPress","ActionList":[{"ID":"otherforms","Options":[]}]}],"style":{"BackgroundColor":"lightgrey","BorderColor":"black","TextColor":"black","BorderWidth":"3px","BorderRadius":"10px"},"VisibilityLevel":0},{"ID":"dedans","x":0,"y":0,"cols":1,"rows":1,"Type":{"GoTo":"dedans"},"dragAndResizeEnabled":true,"PartOfSpeech":"","ElementFormsList":[{"DisplayedText":"dedans","VoiceText":"dedans","LexicInfos":[{"default":true}],"ImageID":"dedans"}],"InteractionsList":[{"ID":"click","ActionList":[{"ID":"display","Options":[]},{"ID":"say","Options":[]}]},{"ID":"longPress","ActionList":[{"ID":"otherforms","Options":[]}]}],"style":{"BackgroundColor":"lightgrey","BorderColor":"black","TextColor":"black","BorderWidth":"3px","BorderRadius":"10px"},"VisibilityLevel":0},{"ID":"dehors","x":1,"y":0,"cols":1,"rows":1,"Type":{"GoTo":"dehors"},"dragAndResizeEnabled":true,"PartOfSpeech":"","ElementFormsList":[{"DisplayedText":"dehors","VoiceText":"dehors","LexicInfos":[{"default":true}],"ImageID":"dehors"}],"InteractionsList":[{"ID":"click","ActionList":[{"ID":"display","Options":[]},{"ID":"say","Options":[]}]},{"ID":"longPress","ActionList":[{"ID":"otherforms","Options":[]}]}],"style":{"BackgroundColor":"lightgrey","BorderColor":"black","TextColor":"black","BorderWidth":"3px","BorderRadius":"10px"},"VisibilityLevel":0},{"ID":"salle à manger","x":0,"y":0,"cols":1,"rows":1,"Type":"button","dragAndResizeEnabled":true,"PartOfSpeech":"","ElementFormsList":[{"DisplayedText":"salle à manger","VoiceText":"salle à manger","LexicInfos":[{"default":true}],"ImageID":"salle à manger"}],"InteractionsList":[{"ID":"click","ActionList":[{"ID":"display","Options":[]},{"ID":"say","Options":[]}]},{"ID":"longPress","ActionList":[{"ID":"otherforms","Options":[]}]}],"style":{"BackgroundColor":"lightgrey","BorderColor":"black","TextColor":"black","BorderWidth":"3px","BorderRadius":"10px"},"VisibilityLevel":0},{"ID":"chambre","x":0,"y":1,"cols":1,"rows":1,"Type":"button","dragAndResizeEnabled":true,"PartOfSpeech":"","ElementFormsList":[{"DisplayedText":"chambre","VoiceText":"chambre","LexicInfos":[{"default":true}],"ImageID":"chambre"}],"InteractionsList":[{"ID":"click","ActionList":[{"ID":"display","Options":[]},{"ID":"say","Options":[]}]},{"ID":"longPress","ActionList":[{"ID":"otherforms","Options":[]}]}],"style":{"BackgroundColor":"lightgrey","BorderColor":"black","TextColor":"black","BorderWidth":"3px","BorderRadius":"10px"},"VisibilityLevel":0},{"ID":"école","x":0,"y":0,"cols":1,"rows":1,"Type":"button","dragAndResizeEnabled":true,"PartOfSpeech":"","ElementFormsList":[{"DisplayedText":"école","VoiceText":"école","LexicInfos":[{"default":true}],"ImageID":"école"}],"InteractionsList":[{"ID":"click","ActionList":[{"ID":"display","Options":[]},{"ID":"say","Options":[]}]},{"ID":"longPress","ActionList":[{"ID":"otherforms","Options":[]}]}],"style":{"BackgroundColor":"lightgrey","BorderColor":"black","TextColor":"black","BorderWidth":"3px","BorderRadius":"10px"},"VisibilityLevel":0},{"ID":"chez mamie","x":1,"y":0,"cols":1,"rows":1,"Type":"button","dragAndResizeEnabled":true,"PartOfSpeech":"","ElementFormsList":[{"DisplayedText":"chez mamie","VoiceText":"chez mamie","LexicInfos":[{"default":true}],"ImageID":"chez mamie"}],"InteractionsList":[{"ID":"click","ActionList":[{"ID":"display","Options":[]},{"ID":"say","Options":[]}]},{"ID":"longPress","ActionList":[{"ID":"otherforms","Options":[]}]}],"style":{"BackgroundColor":"lightgrey","BorderColor":"black","TextColor":"black","BorderWidth":"3px","BorderRadius":"10px"},"VisibilityLevel":0},{"ID":"Trois","Type":"button","PartOfSpeech":"","style":{"BackgroundColor":"#ffffff","BorderColor":"black","TextColor":"black","FontFamily":"Arial","BorderRadius":"10px","BorderWidth":"3px"},"VisibilityLevel":0,"ElementFormsList":[{"DisplayedText":"Trois","VoiceText":"Trois","LexicInfos":[{"default":true}],"ImageID":"Trois"}],"InteractionsList":[{"ID":"click","ActionList":[{"ID":"display","Options":[]},{"ID":"say","Options":[]}]},{"ID":"longPress","ActionList":[{"ID":"otherforms","Options":[]}]},{"ID":"doubleClick","ActionList":[]}],"y":0,"x":0,"rows":1,"cols":1,"dragAndResizeEnabled":true},{"ID":"Loup","Type":"button","PartOfSpeech":"","style":{"BackgroundColor":"#ffffff","BorderColor":"black","TextColor":"black","FontFamily":"Arial","BorderRadius":"10px","BorderWidth":"3px"},"VisibilityLevel":0,"ElementFormsList":[{"DisplayedText":"Loup","VoiceText":"Loup","LexicInfos":[{"default":true}],"ImageID":"Loup"}],"InteractionsList":[{"ID":"click","ActionList":[{"ID":"display","Options":[]},{"ID":"say","Options":[]}]},{"ID":"longPress","ActionList":[{"ID":"otherforms","Options":[]}]},{"ID":"doubleClick","ActionList":[]}],"y":0,"x":1,"rows":1,"cols":1,"dragAndResizeEnabled":true},{"ID":"Souffler","Type":"button","PartOfSpeech":"","style":{"BackgroundColor":"#ffffff","BorderColor":"black","TextColor":"black","FontFamily":"Arial","BorderRadius":"10px","BorderWidth":"3px"},"VisibilityLevel":0,"ElementFormsList":[{"DisplayedText":"Souffler","VoiceText":"Souffler","LexicInfos":[{"default":true}],"ImageID":"Souffler"}],"InteractionsList":[{"ID":"click","ActionList":[{"ID":"display","Options":[]},{"ID":"say","Options":[]}]},{"ID":"longPress","ActionList":[{"ID":"otherforms","Options":[]}]},{"ID":"doubleClick","ActionList":[]}],"y":0,"x":2,"rows":1,"cols":1,"dragAndResizeEnabled":true},{"ID":"Paille","Type":"button","PartOfSpeech":"","style":{"BackgroundColor":"#ffffff","BorderColor":"black","TextColor":"black","FontFamily":"Arial","BorderRadius":"10px","BorderWidth":"3px"},"VisibilityLevel":0,"ElementFormsList":[{"DisplayedText":"Paille","VoiceText":"Paille","LexicInfos":[{"default":true}],"ImageID":"Paille"}],"InteractionsList":[{"ID":"click","ActionList":[{"ID":"display","Options":[]},{"ID":"say","Options":[]}]},{"ID":"longPress","ActionList":[{"ID":"otherforms","Options":[]}]},{"ID":"doubleClick","ActionList":[]}],"y":0,"x":3,"rows":1,"cols":1,"dragAndResizeEnabled":true},{"ID":"Petit","Type":"button","PartOfSpeech":"","style":{"BackgroundColor":"#ffffff","BorderColor":"black","TextColor":"black","FontFamily":"Arial","BorderRadius":"10px","BorderWidth":"3px"},"VisibilityLevel":0,"ElementFormsList":[{"DisplayedText":"Petit","VoiceText":"Petit","LexicInfos":[{"default":true}],"ImageID":"Petit"}],"InteractionsList":[{"ID":"click","ActionList":[{"ID":"display","Options":[]},{"ID":"say","Options":[]}]},{"ID":"longPress","ActionList":[{"ID":"otherforms","Options":[]}]},{"ID":"doubleClick","ActionList":[]}],"y":1,"x":0,"rows":1,"cols":1,"dragAndResizeEnabled":true},{"ID":"Cochon","Type":"button","PartOfSpeech":"","style":{"BackgroundColor":"#ffffff","BorderColor":"black","TextColor":"black","FontFamily":"Arial","BorderRadius":"10px","BorderWidth":"3px"},"VisibilityLevel":0,"ElementFormsList":[{"DisplayedText":"Cochon","VoiceText":"Cochon","LexicInfos":[{"default":true}],"ImageID":"Cochon"}],"InteractionsList":[{"ID":"click","ActionList":[{"ID":"display","Options":[]},{"ID":"say","Options":[]}]},{"ID":"longPress","ActionList":[{"ID":"otherforms","Options":[]}]},{"ID":"doubleClick","ActionList":[]}],"y":1,"x":1,"rows":1,"cols":1,"dragAndResizeEnabled":true},{"ID":"Maison","Type":"button","PartOfSpeech":"","style":{"BackgroundColor":"#ffffff","BorderColor":"black","TextColor":"black","FontFamily":"Arial","BorderRadius":"10px","BorderWidth":"3px"},"VisibilityLevel":0,"ElementFormsList":[{"DisplayedText":"Maison","VoiceText":"Maison","LexicInfos":[{"default":true}],"ImageID":"Maison"}],"InteractionsList":[{"ID":"click","ActionList":[{"ID":"display","Options":[]},{"ID":"say","Options":[]}]},{"ID":"longPress","ActionList":[{"ID":"otherforms","Options":[]}]},{"ID":"doubleClick","ActionList":[]}],"y":1,"x":2,"rows":1,"cols":1,"dragAndResizeEnabled":true},{"ID":"Bois","Type":"button","PartOfSpeech":"","style":{"BackgroundColor":"#ffffff","BorderColor":"black","TextColor":"black","FontFamily":"Arial","BorderRadius":"10px","BorderWidth":"3px"},"VisibilityLevel":0,"ElementFormsList":[{"DisplayedText":"Bois","VoiceText":"Bois","LexicInfos":[{"default":true}],"ImageID":"Bois"}],"InteractionsList":[{"ID":"click","ActionList":[{"ID":"display","Options":[]},{"ID":"say","Options":[]}]},{"ID":"longPress","ActionList":[{"ID":"otherforms","Options":[]}]},{"ID":"doubleClick","ActionList":[]}],"y":1,"x":3,"rows":1,"cols":1,"dragAndResizeEnabled":true},{"ID":"Oups","Type":"button","PartOfSpeech":"","style":{"BackgroundColor":"#ffffff","BorderColor":"black","TextColor":"black","FontFamily":"Arial","BorderRadius":"10px","BorderWidth":"3px"},"VisibilityLevel":0,"ElementFormsList":[{"DisplayedText":"Oups","VoiceText":"Oups","LexicInfos":[{"default":true}],"ImageID":"Oups"}],"InteractionsList":[{"ID":"click","ActionList":[{"ID":"display","Options":[]},{"ID":"say","Options":[]}]},{"ID":"longPress","ActionList":[{"ID":"otherforms","Options":[]}]},{"ID":"doubleClick","ActionList":[]}],"y":1,"x":4,"rows":1,"cols":1,"dragAndResizeEnabled":true},{"ID":"Avoir peur","Type":"button","PartOfSpeech":"","style":{"BackgroundColor":"#ffffff","BorderColor":"black","TextColor":"black","FontFamily":"Arial","BorderRadius":"10px","BorderWidth":"3px"},"VisibilityLevel":0,"ElementFormsList":[{"DisplayedText":"Avoir peur","VoiceText":"Avoir peur","LexicInfos":[{"default":true}],"ImageID":"Avoir peur"}],"InteractionsList":[{"ID":"click","ActionList":[{"ID":"display","Options":[]},{"ID":"say","Options":[]}]},{"ID":"longPress","ActionList":[{"ID":"otherforms","Options":[]}]},{"ID":"doubleClick","ActionList":[]}],"y":2,"x":1,"rows":1,"cols":1,"dragAndResizeEnabled":true},{"ID":"Ouvrir la porte","Type":"button","PartOfSpeech":"","style":{"BackgroundColor":"#ffffff","BorderColor":"black","TextColor":"black","FontFamily":"Arial","BorderRadius":"10px","BorderWidth":"3px"},"VisibilityLevel":0,"ElementFormsList":[{"DisplayedText":"Ouvrir la porte","VoiceText":"Ouvrir la porte","LexicInfos":[{"default":true}],"ImageID":"Ouvrir la porte"}],"InteractionsList":[{"ID":"click","ActionList":[{"ID":"display","Options":[]},{"ID":"say","Options":[]}]},{"ID":"longPress","ActionList":[{"ID":"otherforms","Options":[]}]},{"ID":"doubleClick","ActionList":[]}],"y":2,"x":2,"rows":1,"cols":1,"dragAndResizeEnabled":true},{"ID":"Cheminée","Type":"button","PartOfSpeech":"","style":{"BackgroundColor":"#ffffff","BorderColor":"black","TextColor":"black","FontFamily":"Arial","BorderRadius":"10px","BorderWidth":"3px"},"VisibilityLevel":0,"ElementFormsList":[{"DisplayedText":"Cheminée","VoiceText":"Cheminée","LexicInfos":[{"default":true}],"ImageID":"Cheminée"}],"InteractionsList":[{"ID":"click","ActionList":[{"ID":"display","Options":[]},{"ID":"say","Options":[]}]},{"ID":"longPress","ActionList":[{"ID":"otherforms","Options":[]}]},{"ID":"doubleClick","ActionList":[]}],"y":2,"x":0,"rows":1,"cols":1,"dragAndResizeEnabled":true},{"ID":"Brique","Type":"button","PartOfSpeech":"","style":{"BackgroundColor":"#ffffff","BorderColor":"black","TextColor":"black","FontFamily":"Arial","BorderRadius":"10px","BorderWidth":"3px"},"VisibilityLevel":0,"ElementFormsList":[{"DisplayedText":"Brique","VoiceText":"Brique","LexicInfos":[{"default":true}],"ImageID":"Brique"}],"InteractionsList":[{"ID":"click","ActionList":[{"ID":"display","Options":[]},{"ID":"say","Options":[]}]},{"ID":"longPress","ActionList":[{"ID":"otherforms","Options":[]}]},{"ID":"doubleClick","ActionList":[]}],"y":2,"x":3,"rows":1,"cols":1,"dragAndResizeEnabled":true},{"ID":"Dire autre chose","Type":"button","PartOfSpeech":"","style":{"BackgroundColor":"#ffffff","BorderColor":"black","TextColor":"black","FontFamily":"Arial","BorderRadius":"10px","BorderWidth":"3px"},"VisibilityLevel":0,"ElementFormsList":[{"DisplayedText":"Dire autre chose","VoiceText":"Dire autre chose","LexicInfos":[{"default":true}],"ImageID":"Dire autre chose"}],"InteractionsList":[{"ID":"click","ActionList":[{"ID":"display","Options":[]},{"ID":"say","Options":[]}]},{"ID":"longPress","ActionList":[{"ID":"otherforms","Options":[]}]},{"ID":"doubleClick","ActionList":[]}],"y":2,"x":4,"rows":1,"cols":1,"dragAndResizeEnabled":true}],"ImageList":[{"ID":"banane","OriginalName":"banane","Path":"assets/libs/mulberry-symbols/EN-symbols/banana_bunch.svg"},{"ID":"pomme","OriginalName":"pomme","Path":"assets/libs/mulberry-symbols/EN-symbols/apple.svg"},{"ID":"dedans","OriginalName":"dedans","Path":"assets/libs/mulberry-symbols/EN-symbols/inside_room.svg"},{"ID":"dehors","OriginalName":"dehors","Path":"assets/libs/mulberry-symbols/EN-symbols/outside.svg"},{"ID":"salle à manger","OriginalName":"salle à manger","Path":"assets/libs/mulberry-symbols/EN-symbols/dining_table.svg"},{"ID":"chambre","OriginalName":"chambre","Path":"assets/libs/mulberry-symbols/EN-symbols/bunk_beds.svg"},{"ID":"école","OriginalName":"école","Path":"assets/libs/mulberry-symbols/EN-symbols/school.svg"},{"ID":"chez mamie","OriginalName":"chez mamie","Path":"assets/libs/mulberry-symbols/EN-symbols/grandmother.svg"},{"ID":"Trois","OriginalName":"Trois","Path":"assets/libs/FR_Pictogrammes_couleur/trois.png"},{"ID":"Loup","OriginalName":"Loup","Path":"https://api.arasaac.org/api/pictograms/5892"},{"ID":"Souffler","OriginalName":"Souffler","Path":"https://api.arasaac.org/api/pictograms/7258"},{"ID":"Paille","OriginalName":"Paille","Path":"assets/libs/FR_Pictogrammes_couleur/paille_1.png"},{"ID":"Petit","OriginalName":"Petit","Path":"assets/libs/FR_Pictogrammes_couleur/petit_4.png"},{"ID":"Cochon","OriginalName":"Cochon","Path":"https://api.arasaac.org/api/pictograms/2327"},{"ID":"Maison","OriginalName":"Maison","Path":"assets/libs/FR_Pictogrammes_couleur/maison.png"},{"ID":"Bois","OriginalName":"Bois","Path":"assets/libs/FR_Pictogrammes_couleur/bois_1.png"},{"ID":"Oups","OriginalName":"Oups","Path":"https://api.arasaac.org/api/pictograms/2675"},{"ID":"Avoir peur","OriginalName":"Avoir peur","Path":"assets/libs/FR_Pictogrammes_couleur/avoir peur_4.png"},{"ID":"Ouvrir la porte","OriginalName":"Ouvrir la porte","Path":"assets/libs/FR_Pictogrammes_couleur/ouvrir la porte_1.png"},{"ID":"Cheminée","OriginalName":"Cheminée","Path":"assets/libs/FR_Pictogrammes_couleur/cheminée.png"},{"ID":"Brique","OriginalName":"Brique","Path":"assets/libs/FR_Pictogrammes_couleur/brique.png"},{"ID":"Dire autre chose","OriginalName":"Dire autre chose","Path":"assets/libs/FR_Noir_et_blanc_pictogrammes/dire_2.png"}],"PageList":[{"ID":"#HOME","Name":"Accueil","ElementIDsList":["Trois","Loup","Souffler","Paille","Petit","Cochon","Maison","Bois","Oups","Avoir peur","Ouvrir la porte","Cheminée","Brique","Dire autre chose"],"NumberOfCols":5,"NumberOfRows":3},{"ID":"fruits","Name":"FRUITS","ElementIDsList":["banane","pomme"],"BackgroundColor":"lightyellow","NumberOfCols":2,"NumberOfRows":1},{"ID":"lieux","Name":"LIEUX","ElementIDsList":["dedans","dehors"]},{"ID":"dedans","Name":"DEDANS","ElementIDsList":["salle à manger","chambre"]},{"ID":"dehors","Name":"DEHORS","ElementIDsList":["école","chez mamie"]}]}